menu_start_game_0|Добро пожаловать в "Diplomacy" для "Mount and Blade: Warband". Прежде чем начать игру, вам необходимо создать своего персонажа. Помните, что в традиционном средневековом обществе, а ведь именно оно отражено в игре, все политические и военные вопросы решали мужчины-аристократы. Однако это не означает, что вам не следует выберать женщину или простолюдина. За мужчин благородного происхождения будет несколько легче начать, но все персонажи могут достичь тех же вершин -- то есть игра может быть более интересной, если она сложнее в начале.
mno_continue|Продолжить...
mno_go_back|Назад
menu_start_phase_2|Вы прибываете в Кальрадию - мир, раздираемый войнами между молодыми государствами, которые непрестанно сражаются за власть и земли. Это настоящий рай для рыцарей и наемников, головорезов и искателей приключений - для всех тех, кто готов рисковать своей жизнью в погоне за богатством, могуществом или славой... Опасности поджидают Вас на каждом шагу, но где искать удачу, если не здесь! Сейчас вы стоите на высоком холме, осматриваете земли внизу и чувствуете, что Ваша судьба зависит только от Вас. Все дороги Кальрадии открыты для вас, и что бы вы ни выбрали - впереди удивительные приключения.
mno_town_1|Присоединиться к каравану до Правена, в королевство Свадию.
mno_town_2|Присоединиться к каравану до Рейвадина, в королевство Вегиров.
mno_town_3|Присоединиться к каравану до Тульги, в Хергитское ханство.
mno_town_4|Сесть на корабль до Саргота, в королевство Нордов.
mno_town_5|Сесть на корабль до Джелкалы, в королевство Родоков.
mno_town_6|Присоединиться к каравану до Шариза, в Сарранидский султанат.
menu_start_game_3|Выберите сценарий:
mno_go_back|Назад
menu_tutorial|Вы приближаетесь к полю, где местные воины упражняются с оружием. Здесь вы можете потренироваться, чтобы улучшить свои боевые навыки.
mno_continue|Продолжить...
mno_go_back_dot|Назад.
menu_reports|Известность персонажа: {reg5}^Рейтинг чести: {reg6}^Мораль отряда: {reg8}^Предельный размер отряда: {reg7}^
mno_view_character_report|Просмотреть данные о персонаже.
mno_view_party_size_report|Просмотреть данные о численности отряда.
mno_view_npc_mission_report|Просмотреть задание спутника.
mno_view_weekly_budget_report|Просмотреть недельную смету.
mno_view_morale_report|Просмотреть данные о моральном состоянии отряда.
mno_lord_relations|Вывести список отношений со знакомыми лордами.
mno_courtship_relations|Просмотреть успехи в ухаживаниях.
mno_view_faction_relations_report|Просмотреть данные об отношениях с фракциями.
mno_resume_travelling|Продолжить путешествие.
menu_custom_battle_scene|(БЕЗ ПЕРЕВОДА)
mno_go_back|Назад
menu_custom_battle_end|Бой окончен. {s1} Ваш отряд убил {reg5} враг. и потерял {reg6} войск. Вы лично убили в бою {reg7} чел.
mno_continue|Продолжить...
menu_start_game_1|Выберите пол вашего героя.
mno_start_male|Мужской
mno_start_female|Женский
mno_go_back|Назад
menu_start_character_1|Вы родились далеко-далеко от этих земель. Ваш отец был...
mno_start_noble|Обедневшим дворянином.
mno_start_merchant|Странствующим торговцем.
mno_start_guard|Опытным воином.
mno_start_forester|Охотником.
mno_start_nomad|Степным кочевником.
mno_start_thief|Вором.
mno_go_back|Назад
menu_start_character_2|{s10}^^ Вы начали познавать мир, как только научились ходить и говорить. Свои ранние годы вы провели в качестве...
mno_page|Пажа при дворе вельможи.
mno_apprentice|Подмастерья ремесленников.
mno_stockboy|Помощника в магазине.
mno_urchin|Уличного оборванца.
mno_nomad|Дитя степей.
mno_go_back|Назад
menu_start_character_3|{s11}^^ В юности ваша жизнь переменилась, как это обычно и бывает. Вы стали...
mno_squire|Оруженосцем.
mno_lady|Фрейлиной.
mno_troubadour|Трубадуром.
mno_student|Студентом университета.
mno_peddler|Уличным торговцем-разносчиком.
mno_craftsman|Кузнецом.
mno_poacher|Браконьером.
mno_go_back|Назад
menu_start_character_4|{s12}^^ Но вскоре события вынудили вас бросить все и стать искателем приключений. Что же заставило вас принять такое решение?
mno_revenge|Жажда мести.
mno_death|Смерть любимого человека.
mno_wanderlust|Страсть к путешествиям.
mno_disown|Меня выдворили из собственного дома.
mno_greed|Стремление к богатству и власти.
mno_go_back|Назад
menu_choose_skill|{s13}
mno_begin_adventuring|Стать искателем приключений и отправиться на поиски судьбы.
mno_go_back_dot|Назад.
menu_past_life_explanation|{s3}
mno_view_next|{s5}
mno_continue|Продолжить...
mno_go_back_dot|Назад.
menu_morale_report|{s1}
mno_continue|Продолжить...
menu_courtship_relations|{s1}
mno_continue|Продолжить...
menu_lord_relations|{s1}
mno_continue|Продолжить...
menu_companion_report|{s7}{s1}
mno_continue|Продолжить...
mno_go_back_dot|Назад.
menu_character_report|{s9}
mno_continue|Продолжить...
mno_continue|Продолжить...
mno_continue|Продолжить...
mno_continue|Продолжить...
mno_continue|Продолжить...
mno_continue|Продолжить...
menu_party_size_report|{s1}
mno_continue|Продолжить...
menu_faction_relations_report|{s1}
mno_continue|Продолжить...
menu_camp|Вы разбиваете лагерь. Что вы хотите сделать?
mno_dplmc_camp_manage_inventory|Просмотреть общий инвентарь группы.
mno_dplmc_camp_preferences|Настройки Diplomacy. 
mno_camp_action|Предпринять действие.
mno_camp_wait_here|Подождать здесь некоторое время.
mno_camp_cheat|МЕНЮ ЧИТ-КОДОВ!
mno_resume_travelling|Продолжить путешествие.
menu_camp_cheat|Выберите чит:
mno_camp_cheat_find_item|Найти предмет...
mno_camp_cheat_find_item|Найти предмет...
mno_camp_action_4|Вернуться к меню лагеря.
mno_camp_action_4|Вернуться к меню лагеря.
menu_camp_action|Выберите действие:
mno_camp_recruit_prisoners|Завербовать некоторых из ваших пленников в свой отряд.
mno_action_read_book|Выбрать книгу для чтения.
mno_action_rename_kingdom|Переименовать свое королевство.
mno_action_retire|Прекратить жизнь искателя приключений.
mno_camp_action_4|Вернуться к меню лагеря.
menu_camp_recruit_prisoners|Вы предлагаете своим пленникам свободу, если они согласятся присоединиться к вам как воины. {s18}
mno_camp_recruit_prisoners_accept|Взять их.
mno_camp_recruit_prisoners_reject|Отказать им.
mno_continue|Продолжить...
menu_camp_no_prisoners|У вас нет пленников для их вербовки.
mno_continue|Продолжить...
menu_camp_action_read_book|Выберите книгу для чтения:
mno_action_read_book_1|{s1}.
mno_action_read_book_2|{s1}.
mno_action_read_book_3|{s1}.
mno_action_read_book_4|{s1}.
mno_action_read_book_5|{s1}.
mno_action_read_book_6|{s1}.
mno_action_read_book_7|{s1}.
mno_camp_action_4|Вернуться к меню лагеря.
menu_camp_action_read_book_start|{s1}
mno_continue|Продолжить...
menu_retirement_verify|Сегодня {reg0}-й день ваших приключений. Ваше состояние составляет {reg1} динар. Вы уверены, что хотите уйти на покой?
mno_retire_yes|Да.
mno_retire_no|Нет.
menu_end_game|Решение принято: пора прекратить скитания. Уже нет ни сил, ни желания искать новые приключения. Вы продаете оружие и доспехи, распускаете отряд и находите тихое пристанище подальше от войн и неурядиц...
mno_end_game_bye|Прощайте.
menu_cattle_herd|Вы натыкаетесь на стадо скота.
mno_cattle_drive_away|Погнать стадо вперед.
mno_cattle_stop|Остановить стадо.
mno_cattle_kill|Забить несколько животных.
mno_leave|Уйти.
menu_cattle_herd_kill|Сколько животных вы хотите забить?
mno_cattle_kill_1|Одно.
mno_cattle_kill_2|Два.
mno_cattle_kill_3|Три.
mno_cattle_kill_4|Четыре.
mno_cattle_kill_5|Пять.
mno_go_back_dot|Назад.
menu_arena_duel_fight|Вы и ваш противник готовитесь к дуэли.
mno_continue|Продолжить...
mno_continue|Продолжить...
menu_simple_encounter|{s2} Способных сражаться бойцов противника - {reg11}.  Ваших - {reg10}.
mno_encounter_attack|Атаковать противника.
mno_encounter_order_attack|Приказать своим воинам атаковать без вас.
mno_encounter_leave|Уйти.
mno_encounter_retreat|Отступить, оставив несколько солдат прикрывать отход.
mno_encounter_surrender|Сдаться.
menu_encounter_retreat_confirm|Будучи лучшим тактиком в отряде, (уровень тактики - {reg2}), {reg3?вы разрабатываете:{s3} разрабатывает} план, который позволит вам и вашим людям уйти невредимыми, но придется оставить {reg4} воинов, которые задержат врага.
mno_leave_behind|Продолжить. Нам придется пожертвовать этими людьми, но тогда мы спасем остальных.
mno_dont_leave_behind|Нет. Мы своих на смерть не оставляем.
menu_encounter_retreat|Вы отдаете своим воинам приказ. {reg4} из них придется сдерживать врага, пока вы отступаете, уводя остальную часть отряда.
mno_continue|Продолжить...
menu_order_attack_begin|Ваши войска готовятся атаковать противника.
mno_order_attack_begin|Отдать приказ к началу атаки.
mno_call_back|Отозвать их обратно.
menu_order_attack_2|{s4}^^Ваши потери: {s8}^^Потери противника: {s9}
mno_order_attack_continue|Приказать своим воинам продолжить атаку.
mno_order_retreat|Отозвать своих бойцов.
mno_continue|Продолжить...
menu_battle_debrief|{s11}^^Ваши потери:{s8}{s10}^^Потери противника:{s9}
mno_continue|Продолжить...
menu_total_victory|Вы не должны были увидеть этот текст... {s9}
mno_continue|Продолжить...
menu_enemy_slipped_away|{s17}
mno_continue|Продолжить...
menu_permanent_damage|{s0}
mno_s0|{s0}
menu_pre_join|Вы наталкиваетесь на сражение, которое ведут между собой {s2} и {s1}. Кто из них заслуживает вашей поддержки?
mno_pre_join_help_attackers|{s2}.
mno_pre_join_help_defenders|{s1}.
mno_pre_join_leave|Не вмешиваться.
menu_join_battle|Вы и {s2}  объединились на время сражения, ваш противник - {s1}. Способных сражаться бойцов на вашей стороне - {reg10}, у врага - {reg11}.
mno_join_attack|Атаковать противника.
mno_join_order_attack|Приказать воинам атаковать вместе с союзниками, а самому остаться в стороне.
mno_join_leave|Уйти.
menu_join_order_attack|{s4}^^Ваши потери: {s8}^^Потери союзников: {s9}^^Потери противника: {s10}
mno_continue|Продолжить...
menu_zendar|Вы входите в город Зендар.
mno_zendar_enter| 
mno_zendar_enter_door|Дверь в центр города.
mno_zendar_tavern| 
mno_zendar_tavern_door|Дверь в таверну.
mno_zendar_merchant| 
mno_zendar_merchant_door|Дверь в магазин.
mno_zendar_arena| 
mno_zendar_arena_door|Дверь на арену.
mno_town_1_leave| 
menu_salt_mine|Вы входите на соляные копи.
mno_enter|Войти.
mno_leave|Уйти.
menu_four_ways_inn|Вы прибываете в таверну Четырех Дорог.
mno_enter|Войти.
mno_leave|Уйти.
menu_test_scene|Вы входите на тестовую сцену.
mno_enter|Войти.
mno_enter|Войти.
mno_enter|Войти.
mno_enter|Войти.
mno_enter|Войти.
mno_enter|Войти.
mno_enter|Войти.
mno_enter|Войти.
mno_enter|Войти.
mno_leave|Уйти.
mno_leave|Уйти.
menu_dhorak_keep|Вы въезжаете в крепость Дорак
mno_enter|Войти.
mno_leave|Уйти.
menu_join_siege_outside|{s2} берет в осаду {s1}.
mno_approach_besiegers|Приблизиться к осадному лагерю.
mno_pass_through_siege|Прорваться через осадные линии и проникнуть в {s1}.
mno_leave|Уйти.
menu_cut_siege_without_fight|Осаждающие позволяют вам беспрепятственно приблизиться к воротам.
mno_continue|Продолжить...
menu_besiegers_camp_with_allies|{s1} по-прежнему в осаде. По стягиам над лагерем осаждающих вы понимаете, что его разбил {s2}. Вас и ваших людей приветствуют в лагере.
mno_talk_to_siege_commander| Просить встречи с командующим.
mno_join_siege_with_allies|Присоединиться к следующему штурму.
mno_join_siege_stay_back|Приказать воинам присоединиться к следующему штурму без вас.
mno_leave|Уйти.
menu_castle_outside|Перед вами {s2}. {s11} {s3} {s4}
mno_approach_gates|Приблизиться к воротам и поприветствовать стражу.
mno_town_sneak|Переодеться и попытаться проникнуть в {s7}
mno_dplmc_riot_start_siege|Осадить {reg6?город:замок} мятежников.
mno_dplmc_riot_negotiate|Начать переговоры.
mno_castle_start_siege|Осадить {reg6?город:замок}.
mno_castle_leave|Уйти.
menu_castle_guard|Вы приближаетесь к воротам. Люди со стен пристально наблюдают за вами.
mno_request_shelter|Просить разрешения въехать в замок.
mno_request_meeting_commander|Просить встречи с кем-то.
mno_guard_leave|Уйти.
menu_castle_entry_granted|Немного погодя стража отворяет ворота и впускает вас внутрь вместе с вашим отрядом.
mno_continue|Продолжить...
menu_castle_entry_denied|Владелец этого замка запретил вам входить в его стены. Сержант стражи предупреждает, что его воины будут стрелять, если вам вздумается подойти ближе.
mno_continue|Продолжить...
menu_castle_meeting|С кем бы вы хотели встретиться?
mno_guard_meet_s5|{s5}.
mno_guard_meet_s5|{s5}.
mno_guard_meet_s5|{s5}.
mno_guard_meet_s5|{s5}.
mno_guard_meet_s5|{s5}.
mno_guard_meet_s5|{s5}.
mno_guard_meet_s5|{s5}.
mno_guard_meet_s5|{s5}.
mno_guard_meet_s5|{s5}.
mno_guard_meet_s5|{s5}.
mno_forget_it|Забудьте.
menu_castle_meeting_selected|Вашу просьбу о встрече передают по инстанциям, и наконец во внутренний двор выходит {s6}, чтобы поговорить с вами.
mno_continue|Продолжить...
menu_castle_besiege|{s1} находится под вашей осадой. {s2} {s3}
mno_siege_request_meeting|Вызвать на встречу командующего обороной замка.
mno_wait_24_hours|Подождать до завтра.
mno_castle_lead_attack|Повести своих воинов на штурм.
mno_attack_stay_back|Приказать своим воинам атаковать без вас...
mno_build_ladders|Приготовить лестницы для штурма стен.
mno_build_siege_tower|Построить осадную башню.
mno_lift_siege|Снять осаду.
menu_siege_attack_meets_sally|Защитники делают вылазку и начинают контратаку.
mno_continue|Продолжить...
menu_castle_besiege_inner_battle|{s1}
mno_continue|Продолжить...
menu_construct_ladders|Будучи лучшим инженером отряда ({reg2}), {reg3?вы подсчитываете:{s3} подсчитывает}, что на изготовление штурмовых лестниц потребуется около {reg4} час.
mno_build_ladders_cont|Сделать это.
mno_go_back|Назад
menu_construct_siege_tower|Будучи лучшим инженером отряда ({reg2}), {reg3?вы подсчитываете:{s3} подсчитывает}, что на строительство осадной башни потребуется около {reg4} час.
mno_build_siege_tower_cont|Начать строительство.
mno_go_back|Назад
menu_castle_attack_walls_simulate|{s4}^^Ваши потери: {s8}^^Потери противника: {s9}
mno_continue|Продолжить...
menu_castle_attack_walls_with_allies_simulate|{s4}^^Ваши потери: {s8}^^Потери союзников: {s9}^^Потери противника: {s10}
mno_continue|Продолжить...
menu_castle_taken_by_friends|Здесь не на что смотреть.
menu_castle_taken|{reg2?Город :}{s3} пал под натиском ваших войнов и теперь вы полностью контролируете его. Вы вправе взять военные трофеи достоинством {reg3} динар.{reg1? Вы можете разместить здесь войнов для обороны от врагов, которые будут пытаться отвоевать. Также, вы должны выбрать сейчас, оставить {reg2?город:замок} себе или пожаловать его верному вассалу...:}
mno_dplmc_spoils_yourself|Ограбить и оставить всю добычу себе.
mno_dplmc_spoils_accompanying_vassals|Ограбить и поровну разделить добычу между сопровождающими Вас вассалами и Вами.
mno_dplmc_spoils_all_vassals|Ограбить и поровну разделить добычу между Вами и всеми Вашими вассалами.
mno_continue|Продолжить...
menu_castle_taken_2|{s3} - погибли под натиском ваших войск, и вы теперь полностью контролируете замок. Пришло время, чтобы {s9} узнал о вашей победе. {s5}
mno_castle_taken_claim|Просить, чтобы {s3} дали вам в качестве вознаграждения.
mno_castle_taken_claim_2|Просить, чтобы {s3} дали в награду {вашей жене/вашему мужу}.
mno_castle_taken_no_claim|Не просить награды.
menu_requested_castle_granted_to_player|Вы получили сообщение от вашего сеньора {s3}.^^{reg4?Она приняла:Он принял} решение даровать вам {s2}{reg3? и прилегающую деревню {s4}:}, вместе с сопутствующим доходом и титулами, чтобы вы владели этим уделом от {reg4?ее:его} имени до тех пор, пока верны вассальной клятве.
mno_continue|Продолжить...
menu_requested_castle_granted_to_player_husband|Вы получили сообщение от вашего лорда, {s3}.^^{reg4?Она решила:Он решил} даровать вашему мужу {s7} {s2}{reg3? и прилегающую деревеньку {s4}:}.
mno_continue|Продолжить...
menu_requested_castle_granted_to_another|Ваш правитель, {s3}, прислал вам сообщение.^^'Меня в высшей степени порадовали известия о Вашей доблести, благодаря Вам был захвачен {s2}. Ваша победа наполнила счастьем наши сердца. Кроме того, вы просили меня даровать вам замок, но это благодеяние, боюсь, я не могу вам оказать, поскольку вы и так владеете множеством земель в моем государстве. Вместо этого я посылаю вам {reg6} динар для покрытия издержек вашей военной компании. А {s2} от моего имени получит {s5}.'
mno_accept_decision|Принять это решение.
mno_leave_faction|С вами плохо обошлись! Отречься от вашей клятвы в верности вассалу! 
menu_requested_castle_granted_to_another_female|Ваш правитель, {s3}, прислал вам сообщение.^^'Меня в высшей степени порадовали известия о вашей доблести, благодаря Вам был захвачен {s2}. Ваша победа наполнила счастьем наши сердца. Кроме того, вы просили меня даровать замок вашему супругу. Боюсь, что мне придется отказать вам в этой просьбе, поскольку ему и так принадлежит множество земель в моей державе. Вместо этого я посылаю вам {reg6} динар для покрытия издержек вашей военной компании. А {s2} от моего имени получит {s5}.'
mno_accept_decision|Принять это решение.
menu_leave_faction|Отречение от вассальной клятвы - тяжкий проступок. Ваш повелитель может вынести вам суровый приговор и конфисковать все ваши земли и владения. Однако, если вы вернете их по доброй воле, возможно, он не станет преследовать вас за предательство.
mno_leave_faction_give_back|Отречься от клятвы и отказаться от своих владений.
mno_leave_faction_hold|Отречься от клятвы и править землями, включая {s2}, от своего имени.
mno_leave_faction_cancel|Сохранить верность и согласиться с решением.
menu_give_center_to_player|Ваш повелитель предлагает увеличить ваши владения! {s1} шлет письмо, что хочет даровать вам {s2} в награду за верную службу, увеличив тем самым ваши владения. Каков будет ваш ответ?
mno_give_center_to_player_accept|Принять предложение.
mno_give_center_to_player_reject|Отказаться. {s2} вам не требуется.
menu_give_center_to_player_2|На короткой церемонии было официально объявлено, что {s2}{reg3? вместе с деревней {s4}:} теперь является вашей собственностью. {reg3? Это составит:Они составят} отменную часть ваших владений. Теперь вы можете претендовать на доходы с земли и налоги с этих владений, набирать рекрутов и управлять этими землями так, как вам кажется правильным. Однако ожидается, что вы будете защищать свои владения, не допустите ущерба своим подданным, а также будете следить за соблюдением законности и порядка.
mno_continue|Продолжить...
menu_oath_fulfilled|По контракту с {s1} вы должны служить ему определенный период времени. Срок действия этого контракта истек. Что вы намерены делать?
mno_renew_oath|Продлить ваш контракт с {s1} еще на один месяц.
mno_dont_renew_oath|Освободиться от этих обязательств.
menu_siege_started_defender|{s1} начинает штурм стен {s2}. У вас {reg10} войск, готовых к бою, против {reg11} войск противника. Вы решаете...
mno_dplmc_negotiate_with_besieger|Вести переговоры с осаждающими.
mno_siege_defender_join_battle|Вступить в битву.
mno_siege_defender_troops_join_battle|Приказать своим людям вступить в сражение без вас.
menu_siege_join_defense|{s4}^^Ваши потери: {s8}^^Потери союзников: {s9}^^Потери противника: {s10}
mno_continue|Продолжить...
menu_enter_your_own_castle|{s10}
mno_continue|Продолжить...
menu_village|{s10} {s12}^{s11}^{s6}{s7}
mno_village_manage|Управлять этой деревней.
mno_recruit_volunteers|Набрать добровольцев.
mno_village_center|Направиться к центру деревни.
mno_village_center_door|Дверь в центр деревни.
mno_dplmc_village_elder_meeting|Встретится со старейшиной деревни.
mno_village_buy_food|Купить у крестьян припасы.
mno_village_attack_bandits|Атаковать разбойников.
mno_village_wait|Подождать здесь некоторое время.
mno_dplmc_village_counter_insurgency|Противостоять мятежу.
mno_dplmc_village_negotiate|Начать переговоры.
mno_collect_taxes_qst|{reg5?Продолжить собирать налоги:Собрать налоги}, причитающиеся господину с именем {s1}.
mno_train_peasants_against_bandits_qst|Обучить крестьян.
mno_village_hostile_action|Предпринять враждебное действие.
mno_village_leave|Уйти...
menu_village_hostile_action|Что у вас на уме?
mno_village_take_food|Заставить крестьян отдать вам припасы.
mno_village_steal_cattle|Похитить скот.
mno_village_loot|Разграбить деревню, а потом сжечь ее.
mno_forget_it|Забудьте.
menu_recruit_volunteers|{s18}
mno_continue_not_enough_gold|У меня не хватит денег...
mno_continue|Продолжить...
mno_recruit_them|Нанять их ({reg6} динар).
mno_forget_it|Забудьте.
menu_village_hunt_down_fugitive_defeated|Сильный удар одного из беглецов сбивает вас с ног, перед глазами все кружится и меркнет. Когда вы приходите в себя, вы понимаете, что вас здорово избили, но, вроде, ни одна из ваших ран не смертельна.
mno_continue|Продолжить...
menu_village_infest_bandits_result|{s9}
mno_continue|Продолжить...
menu_village_infestation_removed|Вы и ваши воины прогнали разбойников из деревни. Об этой замечательной победе непременно сложат песни и легенды. Жители теперь в безопасности. У них не осталось почти ничего ценного, но они рады предложить вам все, что смогут собрать.
mno_village_bandits_defeated_accept|Принять подношение как должное.
mno_village_bandits_defeated_cont|Отказаться, заметив, что им все это нужно куда больше, чем вам.
menu_center_manage|{s19}^{reg6?^^Сейчас строится {s7}. Строительство закончится через {reg8} дней{reg9?:}.:}
mno_center_build_manor|Построить поместье.
mno_center_build_fish_pond|Построить мельницу.
mno_center_build_watch_tower|Построить сторожевую башню.
mno_center_build_school|Построить школу.
mno_center_build_messenger_post|Построить пост посыльного.
mno_center_build_prisoner_tower|Построить тюрьму.
mno_go_back_dot|Назад.
menu_center_improve|{s19} Будучи лучшим инженером в отряде ({reg2} очк.), {reg3?вы подсчитываете:{s3} прикидывает} стоимость постройки. {s4} обойдется вам в {reg5} динар.; строительство займет {reg6} дней.
mno_dplmc_improve_cont|Продолжить. (Платить из казны)
mno_improve_cont|Продолжить.
mno_forget_it|Забудьте.
mno_improve_not_enough_gold|У меня не хватит на это денег.
menu_town_bandits_failed|{s4} {s5}
mno_continue|Продолжить...
menu_town_bandits_succeeded|Разбойники падают перед вами один за другим, как колосья под серпом. Вскоре вы остаетесь в одиночестве, а большинство нападавших либо без сознания, либо при смерти, либо уже мертвы. Обыскивая тела, вы обнаруживаете кошель, который когда-то, должно быть, принадлежал одной из жертв этих мерзавцев. А может быть, в этом кошеле им передали плату за вашу жизнь?
mno_continue|Продолжить...
menu_village_steal_cattle_confirm|Как человек с наивысшим навыком грабежа в отряде ({reg2}), {reg3?вы считаете:{s1} считает}, что можно похитить из деревни не более {reg4} голов скота.
mno_village_steal_cattle_confirm|Продолжить.
mno_forget_it|Забудьте.
menu_village_steal_cattle|{s1}
mno_continue|Продолжить...
menu_village_take_food_confirm|Будет непросто заставить крестьян угрозами и посулами отдать их драгоценные припасы. Вы считаете, что вам потребуется на это как минимум час.
mno_village_take_food_confirm|Продолжить.
mno_forget_it|Забудьте.
menu_village_take_food|Крестьяне нехотя выносят то, что у них есть для вас.
mno_take_supplies|Взять припасы.
mno_let_them_keep_it|Позволить им сохранить припасы.
menu_village_start_attack|Кое-кто из разгневанных жителей деревни хватается за вилы и готовится дать вам отпор. Похоже, если вы продолжите в том же духе, вас ждет бой.
mno_village_raid_attack|Напасть на них.
mno_village_raid_leave|Оставить эту деревню в покое.
menu_village_loot_no_resist|Жителей деревни мало, они напуганы и разбегаются, едва завидев вас. Деревня теперь в вашей власти.
mno_village_loot|Разграбить деревню, а потом сжечь ее.
mno_village_raid_leave|Оставить эту деревню в покое.
menu_village_loot_complete|По вашему приказу воины опустошают деревню, захватывая все мало-мальски ценное, а потом поджигают дома. Из найденных денег и ценностей вы берете себе долю в размере {reg1} динар.
mno_continue|Продолжить...
menu_village_loot_defeat|Сражаясь смело и решительно, деревенские жители смогли организовать серьезное сопротивление и отбросить ваши силы.
mno_continue|Продолжить...
menu_village_loot_continue|Вы хотите продолжить разграбление деревни?
mno_disembark_yes|Да.
mno_disembark_no|Нет.
menu_close|Ничего.
menu_town|{s10} {s14}^{s11}{s12}{s13}
mno_castle_castle|Пройти в зал правителя{s1}.
mno_castle_castle_door|Дверь в замок.
mno_join_tournament|Принять участие в турнире.
mno_town_castle|Направиться в замок{s1}.
mno_town_castle_door|Дверь в замок.
mno_town_center|Прогуляться по улицам.
mno_town_center_door|Дверь в центр города
mno_town_tavern|Посетить таверну.
mno_town_tavern_door|Дверь в таверну.
mno_town_merchant|Поговорить с торговцем.
mno_town_merchant_door|Дверь в магазин.
mno_town_arena|Войти на арену.
mno_town_arena_door|Дверь на арену.
mno_town_dungeon|Никогда: не входить в тюрьму.
mno_town_dungeon_door|Дверь в темницу.
mno_castle_inspect|Прогуляться по внутреннему двору.
mno_castle_inspect_door|Во внутренний двор замка.
mno_town_enterprise|Посетить Вашу {s3}.
mno_town_enterprise_door|Дверь на Ваше предприятие.
mno_visit_lady|Попытаться посетить даму
mno_visit_lady_door|Дверь в сад.
mno_trade_with_merchants|Отправиться на рыночную площадь.
mno_walled_center_manage|Управлять этим {reg0?городом:замком}.
mno_walled_center_move_court|Переместить ваш двор сюда.
mno_castle_station_troops|Управлять гарнизоном {s10}
mno_castle_wait|Подождать здесь некоторое время{s1}.
mno_collect_taxes_qst|{reg5?Продолжить собирать налоги:Собрать налоги}, причитающиеся господину с именем {s1}.
mno_dplmc_guild_master_meeting|Встретится с цеховым мастером.
mno_town_leave|Уйти...
mno_town_leave_door|Покинуть местность.
menu_cannot_enter_court|В чертогах лорда идет пир, но вы недостаточно высокородны, чтобы на него попасть. Возможно, снискав славу и признание, вы однажды попадете туда. Кроме того, вы можете отличиться в турнире еще до окончания праздника...
mno_continue|Продолжить...
menu_lady_visit|Кого вы бы хотели посетить?
mno_visit_lady_1|Посетить {s12}
mno_visit_lady_2|Посетить {s12}
mno_visit_lady_3|Посетить {s12}
mno_visit_lady_3_door|Дверь в сад.
mno_visit_lady_4|Посетить {s12}
mno_visit_lady_5|Посетить {s12}
mno_visit_lady_6|Посетить {s12}
mno_visit_lady_7|Посетить {s12}
mno_visit_lady_8|Посетить {s12}
mno_leave|Уйти.
menu_town_tournament_lost|Вы исключенны из состязаний.{s8}
mno_continue|Продолжить...
menu_town_tournament_won|Вы выиграли турнир города {s3}! Вас наполняет гордость, когда толпа скандирует ваше имя. Кроме чести, известности и славы, Ваша награда составляет {reg9} динар. {s8}
mno_continue|Продолжить...
menu_town_tournament_won_by_another|Став единственным участником, не изведавшим поражение, {s1} выигрывает этот турнир, и {reg3?ей:ему} достается вся слава.
mno_continue|Продолжить...
menu_town_tournament|{s1}В {reg0} туре состязаний {reg1} участников. В следующем поединке будет {reg2} команды с {reg3} {reg4?бойцами:бойцом} в каждой.
mno_tournament_view_participants|Просмотреть участников.
mno_tournament_bet|Поставить на себя.
mno_tournament_join_next_fight|Сражаться в следующем раунде.
mno_leave_tournament|Сняться с турнира.
menu_tournament_withdraw_verify|Вы уверены, что хотите покинуть турнир?
mno_tournament_withdraw_yes|Да, это бессмысленная вычурность.
mno_tournament_withdraw_no|Нет, пока есть шансы на победу!
menu_tournament_bet|Ставки на вас: {reg5} к {reg6}.{reg1? Вы уже поставили {reg1} динар на себя, и если одержите победу, то получите {reg2} динар.:} Сколько вы хотите поставить?
mno_bet_100_denars|100 динар.
mno_bet_50_denars|50 динар.
mno_bet_20_denars|20 динар.
mno_bet_10_denars|10 динар.
mno_bet_5_denars|5 динар.
mno_go_back_dot|Назад.
menu_tournament_bet_confirm|Если вы поставите {reg1} динар, то получите {reg2} динар в случае победы на турнире. Согласны?
mno_tournament_bet_accept|Продолжить.
mno_tournament_bet_cancel|Забудьте.
menu_tournament_participants|Вы просите у одного из глашатаев список участников турнира. Вот они:^{s11}
mno_go_back_dot|Назад.
menu_collect_taxes|Будучи лучшим торговцем в отряде, ({reg2} очк. навыка), {reg3?вы ожидаете:{s1} ожидает}, что сбор налогов с этого владения займет {reg4} дней...
mno_start_collecting|Начать сбор.
mno_collect_later|Отложить на потом.
menu_collect_taxes_complete|Вы собрали {reg3} динар налогов. {s19} ожидает, что вы доставите эти деньги ему.
mno_continue|Продолжить...
menu_collect_taxes_rebels_killed|Благодаря вашим решительным действиям бунт был успешно подавлен. Само собой, теперь недовольные дважды подумают, прежде чем восставать против вас.
mno_continue|Продолжить...
menu_collect_taxes_failed|Вам удалось собрать в {s3} лишь {reg3} динар налогов до того, как поднялся бунт. {s1}, конечно, будет недоволен, но лучше хоть немного серебра, чем вообще ничего...
mno_continue|Продолжить...
menu_collect_taxes_revolt_warning|Жители {s3} в ярости от ваших требований и зовут вас не иначе как грабителем. Они могут подняться против вас, если продолжать на них давить.
mno_continue_collecting_taxes|Проигнорировать и продолжить.
mno_halve_taxes|Согласиться на половину суммы. ({s1} может рассердиться)
menu_collect_taxes_revolt|Вас прерывают прямо во время сбора налогов в {s3}. Толпа разъяренных {reg9?крестьян:горожан}, приближается к вам, размахивая факелами и потрясая оружием. Похоже, они собрались сражаться с вами!
mno_continue|Продолжить...
menu_train_peasants_against_bandits|Как человек с наивысшим навыком обучения в отряде ({reg2}), {reg3?вы считаете:{s1} считает}, что начальная подготовка крестьян займет около {reg4} часов.
mno_make_preparation|Обучить их.
mno_train_later|Отложить на потом.
menu_train_peasants_against_bandits_ready|Вы обучаете крестьян основам солдатской службы, дисциплины и повиновения. Вы считаете, что {reg0} из них полностью {reg1?усвоили:усвоил} урок и {reg1?готовы:готов} к тренировочному бою.
mno_peasant_start_practice|Начать тренировочный бой.
menu_train_peasants_against_bandits_training_result|{s0}
mno_continue|Продолжить...
menu_train_peasants_against_bandits_attack|Когда вы готовы продолжить занятия с ополченцами, из деревни с тревожными криками прибегает стражник. На горизонте заметили бандитов, которые быстро скачут в сторону {s3}. Староста деревни умоляет, чтобы вы выступили против бандитов с только что обученными ополченцами.
mno_peasants_against_bandits_attack_resist|Приготовиться к бою!
menu_train_peasants_against_bandits_attack_result|{s9}
mno_continue|Продолжить...
menu_train_peasants_against_bandits_success|Разбойники повержены! Немногие оставшиеся в живых убегают, поджав хвосты, в ужасе перед крестьянами и их новым защитником. У жителей деревни осталось немного ценного, но они предлагают вам все, что им удается собрать, чтобы выразить свою благодарность.
mno_village_bandits_defeated_accept|Принять подношение как должное.
mno_village_bandits_defeated_cont|Отказаться, заметив, что им все это нужно куда больше, чем вам.
menu_disembark|Хотите высадиться здесь?
mno_disembark_yes|Да.
mno_disembark_no|Нет.
menu_ship_reembark|Хотите взойти на борт?
mno_reembark_yes|Да.
mno_reembark_no|Нет.
menu_center_reports|Название города: {s1}^Доход от земельной ренты: {reg1} динар ^Доход от сборов и пошлин: {reg2} динар. ^Припасов: на {reg3} дней.
mno_to_price_and_productions|Показать производимые товары и цены.
mno_go_back_dot|Назад.
menu_price_and_production|Перечень производимых товаров:^(Внимание: база/модификатор сырья/измененные материалами и благосостояние)^{s1}^^{s1}^^Факторы, определяющие цену:^{s2}
mno_go_back_dot|Назад.
menu_town_trade|Вы направляетесь к рыночной площади.
mno_assess_prices|Узнать здешние цены.
mno_trade_with_arms_merchant|Торговать с торговцем оружием.
mno_trade_with_armor_merchant|Торговать с торговцем доспехами.
mno_trade_with_horse_merchant|Торговать с торговцем лошадьми.
mno_trade_with_goods_merchant|Торговать с торговцем разным товаром.
mno_back_to_town_menu|Вернуться назад.
menu_town_trade_assessment_begin|Вам удается услышать разговоры о здешних ценах на товары.^Вы слушаете очень внимательно, чтобы заключить как можно более выгодную сделку.
mno_continue|Продолжить...
mno_go_back_dot|Назад.
menu_town_trade_assessment|Как человек с наивысшим навыком торговли в отряде ({reg2}), {reg3?вы пытаетесь выяснить:{s1} пытается выяснить}, какими товарами будет выгоднее всего торговать. {s2}
mno_continue|Продолжить...
menu_sneak_into_town_suceeded|Замаскировавшись под бедного паломника, вы обманываете стражу и входите в город.
mno_continue|Продолжить...
menu_sneak_into_town_caught|Когда вы пытаетесь проникнуть внутрь, один из стражников узнает вас и поднимает тревогу! Вам нужно бежать обратно через ворота, пока на вас не набросилась вся городская стража!
mno_sneak_caught_fight|Попробуем прорваться силой!
mno_sneak_caught_surrender|Сдаться.
menu_sneak_into_town_caught_dispersed_guards|Вы обманываете стражей и заметаете следы, прежде чем сбежать, окончательно оторвавшись от преследователей в лабиринте улиц.
mno_continue|Продолжить...
menu_sneak_into_town_caught_ran_away|Вы проходите обратно через ворота и быстро отступаете в безопасные холмы.{s11}
mno_continue|Продолжить...
menu_enemy_offer_ransom_for_prisoner|{s2} предлагает Вам {reg12} динар серебром, если вы будете благосклонны и Вами будет отпущен {s1}.
mno_ransom_accept|Принять предложение.
mno_ransom_reject|Отклонить предложение.
menu_training_ground|Вы приближаетесь к тренировочному полю, где можно улучшить свои боевые навыки. Чем бы вы хотели позаниматься?
mno_camp_trainer|Поговорить с тренером.
mno_camp_train_melee|Учебный бой.
mno_camp_train_archery|Поупражняться с оружием дальнего боя.
mno_camp_train_mounted|Позаниматься верховой ездой.
mno_leave|Уйти.
menu_training_ground_selection_details_melee_1|Со сколькими противниками вы будете сражаться?
mno_camp_train_melee_num_men_1|С одним.
mno_camp_train_melee_num_men_2|С двумя.
mno_camp_train_melee_num_men_3|С тремя.
mno_camp_train_melee_num_men_4|С четырьмя.
mno_go_back_dot|Назад.
menu_training_ground_selection_details_melee_2|Выбрать вашего противника #{reg1}:
mno_s0|{s0}
mno_s0|{s0}
mno_s0|{s0}
mno_s0|{s0}
mno_s0|{s0}
mno_s0|{s0}
mno_s0|{s0}
mno_s0|{s0}
mno_s0|{s0}
mno_s0|{s0}
mno_s0|{s0}
mno_s0|{s0}
mno_s0|{s0}
mno_s0|{s0}
mno_s0|{s0}
mno_s0|{s0}
mno_s0|{s0}
mno_s0|{s0}
mno_s0|{s0}
mno_s0|{s0}
mno_training_ground_selection_details_melee_random|Случайный выбор.
mno_go_back_dot|Назад.
menu_training_ground_selection_details_mounted|С каким оружием вы хотели бы поупражняться?
mno_camp_train_mounted_details_1|Одноручное оружие.
mno_camp_train_mounted_details_2|Древковое оружие.
mno_camp_train_mounted_details_3|Лук.
mno_camp_train_mounted_details_4|Метательное оружие.
mno_go_back_dot|Назад.
menu_training_ground_selection_details_ranged_1|С каким оружием дальнего боя вы хотите поупражняться?
mno_camp_train_ranged_weapon_bow|Лук и стрелы.
mno_camp_train_ranged_weapon_crossbow|Арбалет.
mno_camp_train_ranged_weapon_thrown|Метательные ножи.
mno_go_back_dot|Назад.
menu_training_ground_selection_details_ranged_2|С какого расстояния вы хотите вести стрельбу?
mno_camp_train_ranged_details_1|10 ярдов.
mno_camp_train_ranged_details_2|20 ярдов.
mno_camp_train_ranged_details_3|30 ярдов.
mno_camp_train_ranged_details_4|40 ярдов.
mno_camp_train_ranged_details_5|50 ярдов.
mno_camp_train_ranged_details_6|60 ярдов.
mno_camp_train_ranged_details_7|70 ярдов.
mno_go_back_dot|Назад.
menu_training_ground_description|{s0}
mno_continue|Продолжить...
menu_training_ground_training_result|{s7}{s2}
mno_continue|Продолжить...
menu_marshall_selection_candidate_ask|{s15} скоро будет выбирать нового маршала {s23}. Некоторые вельможи предложили вас в качестве кандидата на эту должность.
mno_marshall_candidate_accept|Сообщите {s15}, что вы готовы стать маршалом.
mno_marshall_candidate_reject|Скажите всем, что в настоящее время вы слишком заняты.
menu_captivity_avoid_wilderness|Внезапно у вас чернеет в глазах. Много часов спустя вы приходите в себя и обнаруживаете, что находитесь там же, где упали. Ваши враги, должно быть, сочли вас мертвым и оставили лежать на поле боя. Впрочем, ни одна из ваших ран не смертельна, и ходить вы можете, хотя чувствуете себя просто ужасно. Вы поднимаетесь на ноги и пытаетесь найти остальных выживших из вашего отряда.
menu_captivity_start_wilderness|заполнитель
menu_captivity_start_wilderness_surrender|заполнитель
menu_captivity_start_wilderness_defeat|Ваши враги берут вас в плен.
menu_captivity_start_castle_surrender|заполнитель
menu_captivity_start_castle_defeat|заполнитель
menu_captivity_start_under_siege_defeat|Ваши враги берут вас в плен.
menu_captivity_wilderness_taken_prisoner|Ваши враги берут вас в плен.
mno_continue|Продолжить...
menu_captivity_wilderness_check|заполнитель
menu_captivity_end_wilderness_escape|После долгих и тяжких дней заключения вы сбегаете из плена!
mno_continue|Продолжить...
menu_captivity_castle_taken_prisoner|Стража окружает вас и отбирает оружие. С проклятиями и обвинениями они бросают вас в темницу, где вам придется коротать печальные дни заточения.
mno_continue|Продолжить...
menu_captivity_rescue_lord_taken_prisoner|Вы не раскрываете себя, пока возможно. Стражники вне себя от ярости, они жестоко избивают вас, прежде чем бросить вас снова в камеру бог знает на сколько...
mno_continue|Продолжить...
menu_captivity_castle_check|заполнитель
menu_captivity_end_exchanged_with_prisoner|После долгих дней заключения вас наконец освобождают: ваши тюремщики обменяли вас на другого пленника.
mno_continue|Продолжить...
menu_captivity_end_propose_ransom|Вы проводите долгие часы во влажном сумраке подземелья - кажется, вы пробыли там целую вечность. Внезапно один из ваших пленителей входит в камеру с предложением: он готов освободить вас за {reg5} динар из ваших тайных сбережений. Вы решаете...
mno_captivity_end_ransom_accept|Принять предложение.
mno_captivity_end_ransom_deny|Отказаться и подождать чего-нибудь получше.
menu_captivity_castle_remain|Дни все идут и идут в вашей мрачной камере. Вы держитесь как можете, терпите ежедневные тычки и проклятия стражников, видите, как от недоедания ваше тело становится все более немощным...
mno_continue|Продолжить...
menu_kingdom_army_quest_report_to_army|{s8} {reg4?послала:послал} сообщение, что хочет, чтобы вы присоединились к {reg4?ее:его} новой военной кампании. Вы должны привести с собой минимум {reg13} воин. Если у вас нет такого войска, вы должны срочно набрать новых людей.
mno_continue|Продолжить...
menu_kingdom_army_quest_messenger|{s8} послал сообщение, что хочет поговорить с вами об одной проблеме, которая должна быть решена. Он просит вас прибыть к нему как можно скорее.
mno_continue|Продолжить...
menu_kingdom_army_quest_join_siege_order|{s8} послал сообщение, что вы должны присоединиться к осаде {s9} и готовиться к полномасштабному штурму. Ваши войска обязаны взять {s9} любой ценой.
mno_continue|Продолжить...
menu_kingdom_army_follow_failed|Вы не подчинились приказам и не последовали за {s8}. В гневе он уволил вас из армии и строго предостерег вас, что подобные действия не забываются.
mno_continue|Продолжить...
menu_invite_player_to_faction_without_center|Вам предлагают стать вассалом!^^ {s8} из {s9} прислал к вам королевского герольда с персональным приглашением. Вам может быть оказана честь стать вассалом {повелителя/повелительницы} {s9}, а взамен {s8} просит вас принести клятву верности и сражаться в его военных походах. Впрочем, ни земли, ни титулов он не предлагает. Отказ может быть воспринят им как оскорбление...
mno_faction_accept|Принять!
mno_faction_reject|Отклонить приглашение.
menu_invite_player_to_faction|Вам предлагают стать вассалом!^^ {s8} из {s9} прислал к вам королевского герольда с персональным приглашением. Вам может быть оказана честь стать вассалом {повелителя/повелительницы} {s9}, а взамен {s8} просит вас принести клятву верности и участвовать в военных походах. За вашу верную службу вам во владение предлагается {s2}. Отказ от такого предложения может быть воспринят как оскорбление...
mno_faction_accept|Принять!
mno_faction_reject|Отклонить приглашение.
menu_invite_player_to_faction_accepted|Чтобы стать вассалом {s3}, нужно поклясться ему в верности. Вам нужно найти его и принести клятву лично. {s5}
mno_continue|Продолжить...
menu_question_peace_offer|Вам предложен мир^^{s1} предлагает вам заключить мирное соглашение. Каков будет ваш ответ?
mno_peace_offer_accept|Принять
mno_dplmc_peace_offer_terms|Условия мира
mno_peace_offer_reject|Отклонить
menu_notification_truce_expired|Время перемирия истекло^^Перемирие между {s1} и {s2} подошло к концу.^
mno_continue|Продолжить...
menu_notification_feast_quest_expired|{s10}
mno_continue|Продолжить...
menu_notification_sortie_possible|Замечен враг: недалеко от стен {s4} замечены войска противника. {s5} и другие защитники готовятся к вылазке. Вы можете к ним присоединиться.
mno_continue|Продолжить...
menu_notification_casus_belli_expired|Государство не приняло ответных мер^^Держава {s1} не отреагировала на провокации {s2}, что пошатнуло репутацию {s3} в глазах {reg4?ее:его} более воинственных подданных...^
mno_continue|Продолжить...
menu_notification_lord_defects|Измена: {s4} {reg4?покинула:покинул} {s5} и {reg4?перешла:перешел} в {s7} со всеми владениями
mno_continue|Продолжить...
menu_notification_treason_indictment|Обвинение в измене^^{s9}
mno_continue|Продолжить...
menu_notification_border_incident|Стычка на границе^^До вас дошли слухи о том, что {s9}. Доподлинно неизвестно, правда это или вымысел, но ясно одно: инцидент взбудоражил народ {s4}, и теперь эта оказалась на пороге войны с {s3}...^
mno_continue|Продолжить...
menu_notification_player_faction_active|Теперь вы владеете землей от собственного имени, и вы не связаны ни с одним государством. Это означает, что вы суверенный монарх, а ваш двор временно располагается в {s12}. Остальные правители Кальрадии сначала будут рассматривать вас как угрозу: если выскочке вроде вас удалось захватить трон, это ставит под вопрос всю феодальную систему.^^Возможно, сейчас вам будет проще попросить уже существующее государство стать вашим сюзереном. Если же вы решите сохранить суверенность, первое, что вы должны сделать - это подтвердить ваше право на трон. Это можно сделать несколькими способами: заключив брак с благородным семейством, приняв на службу дворян и раздав им земли или заключив договоры с другими монархами.^^В любом случае, сначала назначьте кого-то из вашей команды главным советником - именно на него лягут заботы о делах государства, он же сможет в случае необходимости переместить ваш двор. Умения и таланты всех членов команды различны, помните об этом.^Время от времени вы можете назначать новых советников.
mno_appoint_spouse|Назначить вашу жену, {s10}...
mno_appoint_npc1|Назначить {s10}
mno_appoint_npc2|Назначить {s10}
mno_appoint_npc3|Назначить {s10}
mno_appoint_npc4|Назначить {s10}
mno_appoint_npc5|Назначить {s10}
mno_appoint_npc6|Назначить {s10}
mno_appoint_npc7|Назначить {s10}
mno_appoint_npc8|Назначить {s10}
mno_appoint_npc9|Назначить {s10}
mno_appoint_npc10|Назначить {s10}
mno_appoint_npc11|Назначить {s10}
mno_appoint_npc12|Назначить {s10}
mno_appoint_npc13|Назначить {s10}
mno_appoint_npc14|Назначить {s10}
mno_appoint_npc15|Назначить {s10}
mno_appoint_npc16|Назначить {s10}
mno_appoint_default|Назначить почтенного местного жителя...
menu_minister_confirm|{s9} бывает при вашем дворе в {s12}. Вам следует регулярно беседовать, чтобы важные дела не накапливались. Помните: нерешенные вопросы могут подорвать ваш авторитет...
mno_continue|Продолжить...
menu_notification_court_lost|{s12}
mno_continue|Продолжить...
menu_notification_player_faction_deactive|Ваше королевство больше не имеет какой-либо земли.
mno_continue|Продолжить...
menu_notification_player_wedding_day|{s8} хочет рассказать, что подготовка к вашей свадьбе в {s10} завершена. Вам следует срочно туда явиться.
mno_continue|Продолжить...
menu_notification_player_kingdom_holds_feast|{s11}
mno_continue|Продолжить...
menu_notification_center_under_siege|{s2} из {s3} осадил {s1}!
mno_continue|Продолжить...
menu_notification_village_raided|Враги разорили владение^^{s2} из {s3} разграбил {s1}!
mno_continue|Продолжить...
menu_notification_village_raid_started|На вашу деревню напали!^^{s2} из {s3} разоряет {s1}.
mno_continue|Продолжить...
menu_notification_one_faction_left|Кальрадия завоевана одним государством^^{s1} нанес поражение всем соперникам и остался единственным государством.
mno_continue|Продолжить...
menu_notification_oath_renounced_faction_defeated|Ваша прежняя фракция потерпела поражение^^Вы выиграли сражение против {s1}! Это завершение вашей борьбы, начавшейся в тот момент, когда вы отреклись от данной клятвы.
mno_continue|Продолжить...
menu_notification_center_lost|Потеря владения^^{s2} захватил {s1}.
mno_continue|Продолжить...
menu_notification_troop_left_players_faction|Предательство!^^{s1} покинул {s2} и объединился с {s3}.
mno_continue|Продолжить...
menu_notification_troop_joined_players_faction|Хорошие новости!^^{s1} покинул {s2} и объединился с {s3}.
mno_continue|Продолжить...
menu_notification_war_declared|Объявление войны^^{s1} объявили войну {s2}!
mno_continue|Продолжить...
menu_notification_peace_declared|Мирное соглашение^^{s1} и {s2} согласились заключить мир!^{s57}
mno_continue|Продолжить...
menu_notification_faction_defeated|Фракция уничтожена^^{s1} больше не существует!
mno_continue|Продолжить...
menu_notification_rebels_switched_to_faction|Успешный бунт^^ Ваш мятеж окончился победой! Теперь ваша фракция - единственный претендент на титул {s11}, а {s12} - единственный законный правитель.
mno_continue|Продолжить...
menu_notification_player_should_consult|Ваш советник пишет, что в оставленных без присмотра землях начинается брожение умов. Коли так пойдет и дальше, вы можете потерять авторитет. Постарайтесь встретиться с советником при первой же возможности.
mno_continue|Продолжить...
menu_notification_player_feast_in_progress|Подготовка к пиру^^Ваша жена начала готовить ваши покои в {s11} к празднику.
mno_continue|Продолжить...
menu_notification_lady_requests_visit|К вашей группе подошла старуха и передала одному из воинов запечатанное воском письмо. Оказалось, что послание предназначено вам. Сломав печать, вы узнали почерк {s15}. "Прошлый раз был великолепен. {s14}. Сейчас я в {s10}.{s12}
mno_continue|Продолжить...
mno_continue|Продолжить...
menu_garden|{s12}
mno_enter|Войти.
mno_nurse|Продолжить...
mno_nurse|Продолжить...
mno_leave|Уйти.
menu_kill_local_merchant_begin|Вы замечаете свою жертву и начинаете преследование. Ни о чем не подозревая, он сворачивает за угол в темную аллею. У вас появляется отличная возможность для нападения.
mno_continue|Продолжить...
menu_debug_alert_from_s65|ОПОВЕЩЕНИЕ ОТЛАДКИ: {s65}
mno_continue|Продолжить...
menu_auto_return_to_map|заполнитель
menu_bandit_lair|{s3}
mno_continue_1|Напасть на убежище...
mno_leave_no_attack|Уйти...
mno_leave_victory|Продолжить...
mno_leave_defeat|Продолжить...
menu_notification_player_faction_political_issue_resolved|Посовещавшись с вельможами государства, {s10} решил пожаловать {s11} {s12}.
mno_continue|Продолжить...
menu_notification_player_faction_political_issue_resolved_for_player|Посовещавшись с вельможами государства, {s10} решил пожаловать вам {s11}. Вы можете отклонить честь, но возможно, после этого вы некоторое время не получите других наград.{s12}
mno_accept|Принять честь
mno_decline|Отклонить честь
mno_continue|Продолжить...
menu_start_phase_3|{s16}^^Вы снимаете комнатушку в первом попавшемся трактире города {s1} и тут же засыпаете. Тем не менее, проснувшись до рассвета, вы отправляетесь исследовать окрестности. Вы идете по еще безлюдным улицам. Внезапно раздается звук, который заставляет вас насторожиться: скрежет извлекаемого из ножен лезвия...
mno_continue|Продолжить...
menu_start_phase_4|{s11}
mno_continue|Продолжить...
mno_continue|Продолжить...
menu_lost_tavern_duel|{s11}
mno_continue|Продолжить...
menu_establish_court|Выбор {s4} двором потребует небольших восстановительных работ. В частности, Вам необходимы инструменты и бархат. Может также потребоваться немного времени для некоторых Ваших последователей, чтобы переехать сюда. Вы желаете продолжить?
mno_establish|Расположить свой двор в {s4}.
mno_continue|Продолжить...
menu_notification_relieved_as_marshal|{s4} желает сообщить Вам, что как главнокомандующий {reg8?Ее:Его} Величеству Вы более неугодны. В честь славных битв от имени государства за прошедшие дни, коих было {reg4}, тем не менее, {reg8?она:он} предлагает Вам кошелёк с {reg5} динар.
mno_continue|Продолжить...
menu_dplmc_manage_loot_pool|{s10}
mno_dplmc_auto_loot|Позволить Вашим спутникам выбрать снаряжение из трофеев отряда.
mno_dplmc_auto_loot_no|В обозе нет места для обновления трофеев отряда.
mno_dplmc_loot|Доступ к трофеям отряда.
mno_dplmc_auto_loot_upgrade_management|Обновить управление снаряжением спутников.
mno_dplmc_leave|{s20}
menu_dplmc_auto_loot|Ваши спутники будут сами выбирать себе снаряжение из общих трофеев отряда руководствуясь ранее заданными Вами параметрами. Выбирать снаряжение они будут по порядку, в котором находятся в списке отряда. Более не используемое снаряжение будет возвращено в обоз, к остальным трофеям отряда. Вы уверены что хотите сделать это?
mno_dplmc_autoloot_no|Вернуться.
mno_dplmc_autoloot_yes|Позволить спутникам выбрать снаряжение.
menu_dplmc_notification_alliance_declared|Договор альянса^^{s1} и {s2} образуют альянс!^{s57}
mno_dplmc_continue|Продолжить...
menu_dplmc_notification_defensive_declared|Оборонительный Договор^^{s1} и {s2} заключили оборонительный договор!^{s57}
mno_dplmc_continue|Продолжить...
menu_dplmc_notification_trade_declared|Торговый Договор^^{s1} и {s2} заключили торговый договор!^{s57}
mno_dplmc_continue|Продолжить...
menu_dplmc_notification_nonaggression_declared|Пакт о Ненападении^^{s1} и {s2} заключили пакт о ненападении!^{s57}
mno_dplmc_continue|Продолжить...
menu_dplmc_question_alliance_offer|Вы Получили Предложение о Создании Альянса^^{s1} предлагает Вам объединиться в альянс. Каков Ваш ответ?
mno_dplmc_alliance_offer_accept|Принять
mno_dplmc_alliance_offer_reject|Отклонить
menu_dplmc_question_defensive_offer|Вы Получили Предложение о Пакте^^{s1} предлагает Вам оборонительный договор. Каков Ваш ответ?
mno_dplmc_defensive_offer_accept|Принять
mno_dplmc_defensive_offer_reject|Отклонить
menu_dplmc_question_trade_offer|Вы Получили Предложение о Пакте^^{s1} предлагает Вам торговый договор. Каков Ваш ответ?
mno_dplmc_trade_offer_accept|Принять
mno_dplmc_trade_offer_reject|Отклонить
menu_dplmc_question_nonaggression_offer|Вы Получили Предложение о Пакте^^{s1} предлагает Вам пакт о ненападении. Каков Ваш ответ?
mno_dplmc_nonaggression_offer_accept|Принять
mno_dplmc_nonaggression_offer_reject|Отклонить
menu_dplmc_notification_alliance_expired|Альянс Истек^^Альянс между  {s1} и {s2} истек и перешел в оборонительный договор..
mno_dplmc_continue|Продолжить...
menu_dplmc_notification_defensive_expired|Оборонительный Договор Истек^^Оборонительный договор между  {s1} и {s2} истек и перешел в торговый договор договор..
mno_dplmc_continue|Продолжить...
menu_dplmc_notification_trade_expired|Торговый Договор Истек^^Торговый договор между  {s1} и {s2} истек и перешел в неагрессивный договор..
mno_dplmc_continue|Продолжить...
menu_dplmc_dictate_terms|Изъявить условия мира.
mno_dplmc_demand_4000|Требовать 4000 динар
mno_dplmc_demand_8000|Требовать 8000 динар
mno_dplmc_demand_castle|Требовать {s2}
mno_dplmc_go_back|Назад
menu_dplmc_deny_terms|{s1} отказывается от Ваших условий и прекращает все переговоры.
mno_dplmc_continue|Продолжить...
menu_dplmc_village_riot_result|{s9}
mno_dplmc_continue|Продолжить...
menu_dplmc_village_riot_removed|В кровавом сражении Вы и Ваши мужчины убиваете мятежников и восстанавливаете управление деревней. Но здесь Вам больше почти некем управлять.
mno_dplmc_continue|Продолжить...
menu_dplmc_town_riot_removed|В кровавом сражении Вы и Ваши воины убиваете мятежников и восстанавливаете управление городом.
mno_dplmc_continue|Продолжить...
menu_dplmc_riot_negotiate|Вы приближаетесь к сердитой толпе и начинаете переговоры. Лидер бунта требует {reg0} динар. Он соглашается сложить оружие, если Вы заплатите.
mno_dplmc_pay_riot_treasury|Сказать гофмейстеру заплатить деньги из казны.
mno_dplmc_pay_riot_cash|Заплатить.
mno_dplmc_back|Назад...
menu_dplmc_notification_riot|Крестьяне {s1} начали бунт против Вас! Лояльные Вам люди  были убиты, остальные присоединились к сердитой толпе.
mno_dplmc_continue|Продолжить...
menu_dplmc_notification_appoint_chamberlain|Как лорд феодального владения Вы можете теперь назначить гофмейстера, который будет проживать при Вашем дворе за еженедельное жалование 15 динар. Он займется всеми финансовыми вопросами, такими как сбор и определение налогов, плата войскам и управление казной. Кроме того, он будет управлять денежными переводами между королевствами, которые расширяют Ваши дипломатические возможности.
mno_dplmc_appoint_default|Назначьте видного дворянина из округи.
mno_dplmc_continue|Продолжить...
menu_dplmc_chamberlain_confirm|Ваш камергер находится при Вашем дворе. Через него Вы можете управлять финансовыми вопросами и получать доступ к Вашей казне. Не забывайте следить, чтобы в казне было достаточно средств на оплату войск и другие цели.
mno_dplmc_continue|Продолжить...
menu_dplmc_notification_appoint_constable|Как лорд феодального владения Вы можете теперь назначить констебля, который будет проживать при Вашем дворе за еженедельную плату в размере 15 динар. Он будет нанимать новые войска и предоставлять информацию о Вашей армии.
mno_dplmc_appoint_default|Назначьте видного дворянина из округи.
mno_dplmc_continue|Продолжить...
menu_dplmc_constable_confirm|Ваш констебль может быть найден при Вашем дворе. Вы должны консультироваться с ним, если захотите принять на службу новые войска или получить детальную информацию о Ваших войсках.
mno_dplmc_continue|Продолжить...
menu_dplmc_notification_appoint_chancellor|Как лорд феодального владения Вы можете теперь назначить констебля, который бутен проживать при Вашем дворе за еженедельную плату в 15 динар. Он наймет новые войска и предоставит информацию о Вашей армии.
mno_dplmc_appoint_default|Назначьте видного дворянина из округи.
mno_dplmc_continue|Продолжить...
menu_dplmc_chancellor_confirm|Ваш констебль может быть найден при Вашем дворе. Вы должны поговорить с ним, если хотите нанять новые войска или получить подробную информацию о регулярной армии.
mno_dplmc_continue|Продолжить...
menu_dplmc_deserters|Некоторые из Ваших воинов полагают, что Вы не заплатите им и не обеспечите провиантом. Потому Ваш отряд уменьшился на {s11}.
mno_dplmc_continue|Продолжить...
menu_dplmc_negotiate_besieger|Вы появляетесь с белым флагом наверху стены. Через некоторое время посредник {s11} приближается к Вам. Он требует {s6} и все прилегающие деревни, а так же {reg0} динар в залог правдивости Вашего слова.
mno_dplmc_comply_treasury|Подчинитесь и прикажите своему камергеру заплатить из казны.
mno_dplmc_comply|Уступить и заплатить требуемое...
mno_dplmc_break_off|Прервать переговоры.
menu_dplmc_messenger|Сир, я нашел {s10} и доставил Ваше сообщение. Его ответ был {s11}.
mno_dplmc_continue|Продолжить...
menu_dplmc_scout|Ваш шпион вернулся из {s10}^^{s11}{s12}
mno_dplmc_continue|Продолжить...
menu_dplmc_domestic_policy|Теперь Вы может изменять внутреннюю политику своего королевства. Хотите сделать это сейчас?
mno_dplmc_yes|Да, я хочу изменить свою внутреннею политику.
mno_dplmc_no|Да, я не хочу изменять свою внутреннею политику.
mno_dplmc_continue|Продолжить...
menu_dplmc_preferences|Настройки Diplomacy.
mno_dplmc_disable_horse_speed|Выключить падение скорости лошадей с уменьшением их здоровья.
mno_dplmc_enable_horse_speed|Включить падение скорости лошадей с уменьшением их здоровья.
mno_dplmc_disable_battle_continuation|Выключить продолжение битвы после смерти ГГ.
mno_dplmc_enable_battle_continuation|Включить продолжение битвы после смерти ГГ.
mno_dplmc_back|Назад...
